id,thikr,at
1,99—每晚上床时，捧双手，轻轻的吹，并念“忠诚章”与两个“求护章”，然后用两手尽量抚摸头、脸及周身，这样连摸三次。（布哈里、穆斯林）,二十八、	睡觉时念的祷词
2,100—念阿也提“库勒西”，谁念，谁便得到真主的保护。（布哈里）,二十八、	睡觉时念的祷词
3,101—念“黄牛章”最后两节经文。（布哈里、穆斯林）,二十八、	睡觉时念的祷词
4,102—主啊！奉你的尊名，我睡下，奉你的尊名，我起床。如果你真召回我的生命，求你加惠他；如果你释放时，求你保护他，犹如你保护你的善民一般！（布哈里、穆斯林）,二十八、	睡觉时念的祷词
5,103—主啊！你造化了我的身体，你将要使它死亡，它的生死只归你。如果你让它活的话，求你保护它；如果你让它死亡的话，求你恕饶它！主啊！我向你祈求安康。（穆斯林、爱合麦德）,二十八、	睡觉时念的祷词
6,104—主啊！你复生众仆之日，求你保护我免遭你的刑罚。（穆圣※睡觉时，把右手放在右面颊下面连念三次）（艾布达伍德、铁密集）,二十八、	睡觉时念的祷词
7,105—主啊！我以你的尊名而死而活。（布哈里、穆斯林）,二十八、	睡觉时念的祷词
8,106—“赞主清净”、“万赞归主”，（各念三十三次）“真主至大”（三十四次）（布哈里、穆斯林）,二十八、	睡觉时念的祷词
9,107—主啊！养育诸天的主啊！养育伟大的“阿勒什”的主，我们的养主，养育万物的主，使谷粒和果核绽开的主，颁降《讨拉特》、《引支勒》和《古兰经》的主啊！求你保佑我勿遭万物之灾害，你操纵万物的命运，你是前无始、后无终的主，你是明显、暗藏的，你替我偿债，你使我富裕，莫使我贫穷。（穆斯林）,二十八、	睡觉时念的祷词
10,108—感赞真主！他供我吃饮，并使我满足，又庇护我，许多人没有庇护者，也没有使他满足者。（穆斯林）,二十八、	睡觉时念的祷词
11,109—⑪主啊！深知幽玄、公开的主，创天设地的主。调养万物的，掌握万物的主，我见证：除你外，绝无应受崇拜的，我求你保护，免遭私欲和恶魔等的干 扰。免陷迷误，并向你求护佑，勿使我自招祸患或嫁祸于人。 (艾布达伍德、铁密集）,二十八、	睡觉时念的祷词
12,110—⑫念“叩头章”（三十二节）与“国权章”（六十七章）（铁密集、奈萨仪）,二十八、	睡觉时念的祷词
13,111—⑬主啊！我把生命教给你，我面向你，我把事业托付给你，我依靠你，希望你的仁慈，害怕你的惩罚，除你外，没有容身之所和避难之处，我归信你降示的经典，你差遣的圣人。（布哈里、穆斯林）,二十八、	睡觉时念的祷词
14,75—念“求护词”，“阿也提库勒西”。（哈）,二十七、	早、晚的记主词
15,76—念“台斯米、忠诚章”以及两个“求护章”。（每天早晚各念三次。）（艾、铁）,二十七、	早、晚的记主词
16,77—我早起床，早起权威只归真主。感赞真主！除真主外，绝无应受崇拜的，独一无偶，国权与赞颂只归他，无所不能的主。主啊！我向你要求今天的幸福和以后的幸福！我向你求保护，今天和以后免遭伤害！主啊！求你保护莫让我懒惰，免遭老迈的困难！主啊！求你保护我免遭坟坑的磨难与火狱的罪刑！（穆斯林）,二十七、	早、晚的记主词
17,78—主啊！我们依你早起，依你入夜，依你生活，以你而死亡，将来向你集合。（铁）,二十七、	早、晚的记主词
18,79—主啊！你是我的主，除你外，绝无应受崇拜的， 你造化了我，我是你的仆人，我尽量实践对你的诺言和许约。我求你保护我，以免犯罪而受害，我即承认你对我的恩惠，也承认自己的罪过，那么，求你恕饶我！只有你才能恕饶我的一切罪恶。（布哈里）,二十七、	早、晚的记主词
19,80—主啊！我早起了，我请你和担负你的“阿勒什”(宝座）的天使和众天使，以及万物见证：“你是真主，唯你是主，独一无偶，穆罕默德※是你的仆人和使者。 (每天早晚念）（布、艾、奈）,二十七、	早、晚的记主词
20,81—主啊！早晚我和任何人所享受的恩惠都是来自于你，独一无二的主，感赞你！（艾、奈）,二十七、	早、晚的记主词
21,82—主啊！求你使我的身体安康，使我耳聪目明，唯你是受拜者！主啊！我向你祈求免遭叛教、贫困。 主啊！我向你祈求免遭坟墓的刑罚，除你外，绝无应受崇拜的。（三次）（艾、爱、奈）,二十七、	早、晚的记主词
22,83—真主是使我满足的，除他外，绝无应受崇拜的， 我只托靠他，他是掌握伟大宝座的主。（七次）（伊本西那圣训集）,二十七、	早、晚的记主词
23,84—主啊！我向你祈求今后两世的安康，主啊！我向你祈求赦宥，使我宗教昌盛，政通人和，人财两旺。主啊！你袒护我的缺点，解除我的恐惧。主啊!求 你从前后、左右、上面保护我，我以你的尊严求你护佑，使我免遭地陷。（艾、伊）,二十七、	早、晚的记主词
24,85—⑪主啊！深知幽玄、公开的主，创天设地的主。调养万物的，掌握万物的主，我见证：除你外，绝无应受崇拜的，我求你保护，免遭私欲和恶魔等的干 扰。免陷迷误，并向你求护佑，勿使我自招祸患或嫁祸于人。 (铁、艾）,二十七、	早、晚的记主词
25,86—⑫奉真主尊名，真主的尊名能预防天地的任何灾祸，真主是全听的、全知的。（每天早晚念三次）（艾、 铁、伊、爱）,二十七、	早、晚的记主词
26,87—⑬我喜爱以安拉为主宰，以穆罕默德※为圣人，以伊斯兰为宗教。（每天早晚念三次）（爱、奈、艾、 铁）,二十七、	早、晚的记主词
27,88—⑭永生自立的主啊！我以你的慈悯求救！请你照管我的全部事务，一刻也不要放任我！（哈）,二十七、	早、晚的记主词
28,89—⑮我早起了，早起的权威只归真主一养育全世界的主。主啊！我向你要求今天的福泽，援助、光亮、吉祥和正道。主啊！我向你要求免遭今后的伤害。 (艾）,二十七、	早、晚的记主词
29,90—⑯我们早起坚持伊斯兰的天性，忠诚之言辞，坚持我们的先知穆罕默德的宗教，他绝不是以物配主者。 (爱、伊本西那圣训集）,二十七、	早、晚的记主词
30,91—⑰赞主清净，感赞他。（早晚念一百次）（穆斯林）,二十七、	早、晚的记主词
31,92—⑱除真主外，绝无应受崇拜的，独一的主，国权只归他！万赞只归他！他是能够万事的主。（十次）或(懶惰时念一次）（奈、艾、爱、伊）,二十七、	早、晚的记主词
32,93—⑲除真主外，绝无应受崇拜的，独一的主，国权只归他！万赞只归他！他是能够万事的主。（十次）或(懶惰时念一次）（布哈里、穆斯林）,二十七、	早、晚的记主词
33,94—⑳赞颂伟大的真主超绝万物！以万物的数字，真主的喜悦，“阿勒史”的斤量，以及他的言辞的墨汁的数字，感赞真主！（早晚时念三次）（穆斯林）,二十七、	早、晚的记主词
34,73—主啊！我向你祈求有益的知识，佳美的食物和被接受的工作。（晨礼后念）（伊）,二十七、	早、晚的记主词
35,96—22我向真主求饶！我向他忏悔！（每日念一百次）（布哈里、穆斯林）,二十七、	早、晚的记主词
36,97—23我以真主的完美的一切言辞求保护免遭被造物的伤害！（晚上念十次）（爱、奈）,二十七、	早、晚的记主词
37,98—主啊！求你賜福我们的圣人穆罕默德※。（早晚念十次）（托布拉尼以两个正确线索传述）,二十七、	早、晚的记主词
38,5 —感赞安拉！他给我穿了这件衣服，是他賜给我的，并非出自我的力量和办法。（艾布达吾德、奈萨义、铁密济圣训集),二、	穿衣服时念的祷词
39,6 —主啊！感赞你，賜我衣服，求你使我得到衣服的益处及衣服带来的益处，求你护佑，免其害处和它带来的害处。（艾布达伍德、铁米集、白呃韦圣训集）,三、	穿新衣服念的祷词
40,7—①愿真主使你常穿新衣。（艾布达伍德）,四、	见他人穿新衣服时该说的言词
41,8—①祝你常穿新衣，生活美满，殉难善功。（伊本马哲、白呃韦圣训集）,四、	见他人穿新衣服时该说的言词
42,9—奉真主尊名。（铁米集圣训）,五、	脱衣服念的祷词
43,10—奉真主尊名，主啊！求你保护我免遭男女恶魔的伤害。（布哈里与穆斯林),六、	进厠所时念的祷词
44,11—主啊！我们恳求你的恕绕！（布达吾德、奈萨义、铁密济圣训集）,七、	出厠所后念的祷词
45,12—做小净时，始念“奉主尊名。”,八、	洗小净前念的祷词
46,13—我见证“除安拉外，绝无应受崇拜的，独一无偶。我又见证：穆罕默德（愿主福安之）是他的仆人与使者。（穆斯林圣训）,九、	洗毕小净念的祷词
47,14—主啊！求你使我成为清洁之人，忏悔之人。（铁米集圣训),九、	洗毕小净念的祷词
48,15—主啊！颂你清净，感赞你，我见证：唯有你才是应受崇拜的真主，我向你求饶，向你忏悔。（奈萨依圣训）,九、	洗毕小净念的祷词
49,16—①奉真主尊名，我托靠安拉，无法无力，唯凭真主。 (艾布达伍德与铁密集),十、	出屋时念的祷词
50,17—主啊！求你保护我，以免迷误或受人的迷惑，也不要使我失足或别人诱我失足，或受别人的亏害，更不要让我无知愚蠢或受人的愚弄。（艾布达吾德、奈萨义、铁密济、伊本马哲圣训集),十、	出屋时念的祷词
51,18—奉真主尊名，我们进，我们出，我们只托靠真主！ 而后，向家属道‘塞俩目’。（艾布达伍德）,十一、	进屋时念的祷词
52,19—主啊！求你让我的内心充满光明、口舌伶俐、听觉灵敏、眼睛明亮，让我的上边、左边、右边、前边、后边以及周身发光吧！（布哈里、穆斯林共同辑录),十二、	去清真寺时念的祷词
53,20 —我以伟大的安拉及其他的尊容和永恒的权威求保护，免遭被驱逐的恶魔的干扰，奉真主尊名，祝福、 祝平安于安拉的使者。主啊！求你为我打开仁慈之门吧！（艾、伊本西那圣训集）,十三、	入清真寺时念的祷词
54,21—奉真主尊名，祝福、祝安真主的使者。主啊！我向你祈求你的恩惠！主啊！求你护佑我免遭被驱逐的恶魔的干扰。（艾布达伍德、伊本马哲、穆斯林、伊本西那圣训集）,十四、	出清真寺时念的祷词
55,22—听见宣礼词时当回答与宣礼者同样的词句，当听见两个“罕也阿烂…”时，念：无法无力，唯凭真主。（布哈里、穆斯林）,十五、	听见宣礼词时念的赞词及宣礼后的祷词
56,23 —我见证：除安拉外，绝无应受崇拜的主，独一无偶。我又见证：穆罕默德※是他的仆人与使者。我喜爱以安拉为主宰，以穆罕默德※为圣人，以伊斯 兰为宗教。（穆）（在宣礼师念完作证词后念）（伊本胡则曼圣训集）,十五、	听见宣礼词时念的赞词及宣礼后的祷词
57,24—回答后接着祝福圣人。（穆斯林）,十五、	听见宣礼词时念的赞词及宣礼后的祷词
58,25—培养这种完美的号召和使拜功将要成立的主啊！求你赐给穆罕默德洪恩吧！你賜给他曾许约过的那种可颂的崇髙的境界吧！（你确实是不爽约的）（布哈里）,十五、	听见宣礼词时念的赞词及宣礼后的祷词
59,26—内外宣礼之间，为自己作祈祷必蒙准承。（铁米集、艾布达伍德、爱哈迈德）,十五、	听见宣礼词时念的赞词及宣礼后的祷词
60,27—主啊！你使错误远离我吧！犹如西方和东方的距离；主啊！求你清除我的错误吧！犹如清除白色衣服上的污垢一般；主啊！你用水、雪、冰洗涤我的错误吧！（布哈里、穆斯林）,十六、	开拜时的祷词
61,28—主啊！颂你清净，感赞你，你的尊名真吉庆，你的尊严多清髙，除你外，绝无应受崇拜的。,十六、	开拜时的祷词
62,29—我将我的面孔端正地倾向那创造天地的主，我不是以物配主的人。我的礼拜、我的工作、我的生与死是为了安拉—全世界的主宰。他没有伙伴，这就 是我的使命。我确是一个穆斯林。主啊！你是君王， 除你外，绝无应受崇拜的主。你是我的主宰，我是你的仆人，我亏害了自己，我承认自己的罪过。求你将我的一切罪过统统恕绕了吧！只有你才能恕绕罪过，你指导我具备最优美的性格吧！只有你才能有指导权。你清除我的恶劣的性格吧！只有你才能清除恶性。我响应你，我服从你。所有的福利都在你的两手中。你无故不降灾祸。我依赖于你的援助，你吉祥、清髙！我向你求饶！我向你忏悔！（穆斯林）,十六、	开拜时的祷词
63,30—主啊！哲百勒莱、米卡伊莱、伊斯拉菲里的养主啊！创天设地的主啊！知道幽玄和公开的主啊！你将在众人之间裁判他们所纷争的是非。凭你的意欲， 指引我辩别是非的能力，你引导你所意欲的人走向康庄的大道。（穆斯林）,十六、	开拜时的祷词
64,31—真主最伟大，万赞只归真主，朝夕清赞主！（各念三次。）主啊！我求你保护免遭恶魔的伤害、讽刺、狂妄。（艾、伊、爱）,十六、	开拜时的祷词
65,32—主啊！赞颂归你！你是宇宙万有之光；赞颂归你! 你是宇宙万有的支撑者；赞颂归你！你是宇宙万有的君主；赞颂归你！你是真理，你的许约是真的；你的言辞是真理；后世见你是真实的，天堂、火狱是真实的，列圣是真实的，穆罕默德※是真实的，复生也是真实的。主啊！我顺从你、信仰你、托靠你、依赖你、为了你而与人作辩论，向你控诉，你恕绕我前前后后的、秘密的、公开所犯的一切错误吧！你前无始、后无终。除了你，绝无受拜的主。(布哈里、穆斯林),十六、	开拜时的祷词
66,33—赞颂养育我的伟大的主清净！（三次）（4),十七、	鞠躬中的祷词
67,34—主啊！养育我们的主，赞你超绝，感赞你！主啊！求你恕绕我吧！（布哈里、穆斯林),十七、	鞠躬中的祷词
68,35—超绝的、圣洁的、养育天使和灵魂的主宰。(穆、艾）,十七、	鞠躬中的祷词
69,36—主啊！我只为你鞠躬，我归信你，我顺服你，我 的耳朵、眼睛、大脑、骨骼、神经及肉体的各部位为你谦卑。（穆、3）,十七、	鞠躬中的祷词
70,37—赞颂有威力、权力、庄严和伟大的主超绝万物。(艾、奈、爱）,十七、	鞠躬中的祷词
71,38—安拉己听到赞颂他的人的赞颂。（布哈里）,十八、	鞠躬起来时念的祷词
72,39—主啊！赞颂归于你，这赞颂是丰富的、美好的和吉庆的。（布哈里）,十八、	鞠躬起来时念的祷词
73,40—充满宇宙万有的，你所意欲的赞颂统统归于你！表扬和赞颂真主的人们啊！我们都是真主的仆人，仆人最应念的是：“主啊！你赏賜时，无人阻挡；你阻挡时，没有谁能恩赏，有权者的势力，对你毫无用处。”（穆斯林）,十八、	鞠躬起来时念的祷词
74,41—赞颂养育我的极髙的主超绝万物！（三次）（4),十九、	叩头中念的祷词
75,42—主啊！养育我们的主，赞你超绝，感赞你！主啊！求你恕绕我吧！（布哈里、穆斯林）,十九、	叩头中念的祷词
76,43—超绝的、圣洁的、养育天使和灵魂的主宰。(穆斯林）,十九、	叩头中念的祷词
77,"44—主啊！我只为你叩头，我只信仰你，我只顺服你, 我只为创造我的脸孔，并賦予俊美形象，賦予我听 觉和视力的真主而举行叩礼。真主多崇伟，他是最 善于创造的主。（穆斯林）",十九、	叩头中念的祷词
78,45—赞颂有威力、权力、庄严和伟大的主超绝万物。(艾、奈、爱）,十九、	叩头中念的祷词
79,46—主啊！求你恕饶我的一切过错，自始至终，无论大小、公开的和秘密的罪恶。（穆斯林）,十九、	叩头中念的祷词
80,47—主啊！求你保佑我、喜欢我、莫要怒恼我。赦免我，莫要惩罚我。我只求你保佑，我对你的赞颂是不计其数的，犹如你自己赞颂自己一般。（穆斯林）,十九、	叩头中念的祷词
81,48—主啊！求你恕饶我！（三次）（艾、伊）,二十、	两叩头之间的祷词
82,49—主啊！求你恕饶我、怜悯我、引导我、救助我、 原谅我、供养我、升高我。（3),二十、	两叩头之间的祷词
83,50—我的面容为真主行叩礼，他以自己的办法和力量创造了我的面容，并令我的听觉灵敏、视觉敏锐，“真主真崇高，他是最高明的创造者。”（铁、艾、 哈）,二十一、	诵经叩头中的祷词
84,51—主啊！你记录我的报酬，宽恕我的罪恶，使它成为有益于我的积蓄，求你接受我的叩头！犹如你接受达吾德圣人的叩头一般。（铁、哈）,二十一、	诵经叩头中的祷词
85,"52—优美的敬礼、祝贺和赞颂统统归于安拉。穆圣※啊！ 愿主賜你平安、幸福和吉祥，愿主也赐给我们和一 切善良的人们康宁。
我见证：除安拉外，绝无应受崇拜的主，我又见证：穆 罕默德※是安拉的仆人和使者。（布哈里、穆斯林）",二十二、	中坐和末坐中念见证词（台善乎得）
86,53—主啊！求你賜福穆罕默德及其眷属，犹如你賜福伊布拉欣及其眷属的那样，你确是可赞的、伟大的。主啊！求你赐予穆罕默德及其眷属吉庆，犹如你给伊布拉欣及其眷属賜予吉庆一样，你确是可赞的、伟大的。（布哈里、穆斯林）,二十三、	拜中赞圣词
87,54—主啊！求你賜福穆罕默德及其妻子、子孙，犹如你赐福伊布拉欣的眷属一样！求你给穆罕默德及其妻子、子孙赐予吉庆，犹如你给伊布拉欣的眷属賜予吉庆一样！你确是可赞的、伟大的。（布哈里、穆斯林）,二十三、	拜中赞圣词
88,55—主啊！求你保护我免遭坟墓的罪刑，火狱的刑罚，生死的灾难，骗子手“麦锡罕”的诱惑。（布哈里、穆斯林）,二十四、	末坐赞词后，出拜前的祷词
89,56—主啊！求你保护我免遭坟墓的罪刑，火狱的刑罚， 生死的灾难，主啊！求你保护我免遭罪恶和帐债的祸患。（布哈里、穆斯林）,二十四、	末坐赞词后，出拜前的祷词
90,57—主啊！我确多亏了自己，只有你才能恕饶我的罪恶，所以，求你亲自恕饶我，怜悯我，你确是至慈的、至恕的。（布哈里、穆斯林）,二十四、	末坐赞词后，出拜前的祷词
91,58—主啊！求你恕饶我前后的错误，恕饶我秘密与公开的毛病，恕饶我放肆的行为，以及我不知道而你所知道的种种缺点，你是前无始后无终的，除你外， 再无可拜的主。（穆斯林）,二十四、	末坐赞词后，出拜前的祷词
92,59—主啊！求你默助我记念你，感谢你！很好的崇拜你！（爱、奈）,二十四、	末坐赞词后，出拜前的祷词
93,60—主啊！求你保护我，免遭吝啬、胆怯、老朽的痛苦，以及现世的磨难和坟墓的刑罚。（布哈里）,二十四、	末坐赞词后，出拜前的祷词
94,61—主啊！求你使我进入乐园，保护我免遭火刑。（艾、 伊）,二十四、	末坐赞词后，出拜前的祷词
95,62—主啊！誓于知道幽玄的主！誓于能够创造万物的主！你知道活着对我有益时，你使我活得幸福；死亡对我有益时，你使我死的痛快。我求你使我公开和秘密、时刻害怕你；无论喜、怒，时时说真理，我向你要求无论穷、富都节约。我向你要求无穷无尽的恩典，连续不断的快乐，前定之后的情愿，死亡之后舒适的生活。我向你祈求见到你尊容的愉快，见你是我终生的渴望，我向你求护免遭伤害者和迷误者的磨难。主啊！你以正信装饰我，你使我成为引导一切，坚持正道的人。（奈、爱）,二十四、	末坐赞词后，出拜前的祷词
96,63—主啊！那独一的，无求的，没有产生，也没有被产生，没有任何物可做他的匹敌的主啊！我恳求你赦宥我的罪恶。你确是至慈的、至恕的主。（奈、爱）,二十四、	末坐赞词后，出拜前的祷词
97,64—主啊！赞颂归于你，除你外，绝无应受崇拜的， 独一无偶。施恩的主，创天设地的主，伟大、庄严 的主，永活、自立的主，我只祈求你。求你让我进 入乐园，免受火狱的刑罚。（4),二十四、	末坐赞词后，出拜前的祷词
98,65—⑪主啊！我祈求你，让我来见证：你是真主，除你外，绝无应受崇拜的；你是独一的、无求的、无产生、也不被产生、无任何匹敌。（艾、铁、伊、爱）,二十四、	末坐赞词后，出拜前的祷词
99,66—我向真主求饶。（三次）主啊！你是和平的，和平来自你，尊严荣贵的主啊！你真吉庆啊！(穆斯林）,二十五、	出拜后的祷词
100,"67—除真主外，绝无应受崇拜的，独一无偶，国权与赞颂只归他，他是无所不能的。主啊！如果你赏,无人阻碍；如果你阻挡，无人恩賜，有权势者的势力对你毫无益处。（布哈里、穆斯林）",二十五、	出拜后的祷词
101,"68—除真主外，绝无应受崇拜的，独一无偶，国权与赞颂只归他，他是无所不能的主。无法无力，唯凭真主，只有真主才是应受拜的！我们只崇拜他。一 切恩惠、特恩和优美的赞颂统统归于他。除真主外, 绝无应受崇拜的，我们对他的正教虔诚奉行，即使异教徒讨厌也罢！（穆斯林）",二十五、	出拜后的祷词
102,69—赞主清净，万赞归主，真主至大。（各念三十三次) 除真主外，绝无应受崇拜的，独一无偶，国权与赞颂只归他，无所不能的主。（穆斯林）,二十五、	出拜后的祷词
103,70—念“台斯米”，再念忠诚章（112章)、曙光章（113 章)、人类章（114章)。（艾、奈、铁）,二十五、	出拜后的祷词
104,71—念“阿也提库勒西”（2:255)(奈、伊本西那圣训集）,二十五、	出拜后的祷词
105,72—除真主外，绝无应受崇拜的，独一无偶，国权与赞颂只归他，令人死活的、无所不能的主。（昏礼和 晨礼后念十次）（铁、爱）,二十五、	出拜后的祷词
106,73—主啊！我向你祈求有益的知识，佳美的食物和被接受的工作。（晨礼后念）（伊）,二十五、	出拜后的祷词
107,"74—扎比尔的传述：穆圣※教导我们对于一切亊情都要向真主恳求灵感，犹如他教授我们学习《古兰经》章节一般，他说：“你们谁立意干一件事情的时候, 务必要礼两拜非主命拜，并念：‘主啊！以你的知识求你给我福利，以你的大恩，賜我能力，恳求你给我宏恩，你是全能的，我是无能的；你有知识，我无知识；你深知隐奥的哲理。主啊！你知道某件事情对宗教和生活、现在和将来各方面都有利而无害的话，那么，求你帮助我克服困难，蒙得吉庆。倘若你知道某件事情在宗教和生活、现在和将来各方面都有利而无害的话，那么，求你帮助我克服困难，蒙得吉庆。倘若你知道某件事情在宗教和生活各方面都有害于我，那么，求你使我和那件事完全脱离关系，请你随时随地賜我做好事的能力，并使我愉快的去干它’。”（布哈里）",二十六、	求善拜中念的祷词
108,75—念“求护词”，“阿也提库勒西”。（哈）,二十七、	早、晚的记主词
109,76—念“台斯米、忠诚章”以及两个“求护章”。（每天早晚各念三次。）（艾、铁）,二十七、	早、晚的记主词
110,77—我早起床，早起权威只归真主。感赞真主！除真主外，绝无应受崇拜的，独一无偶，国权与赞颂只归他，无所不能的主。主啊！我向你要求今天的幸福和以后的幸福！我向你求保护，今天和以后免遭伤害！主啊！求你保护莫让我懒惰，免遭老迈的困难！主啊！求你保护我免遭坟坑的磨难与火狱的罪刑！（穆斯林）,二十七、	早、晚的记主词
111,78—主啊！我们依你早起，依你入夜，依你生活，以你而死亡，将来向你集合。（铁）,二十七、	早、晚的记主词
112,79—主啊！你是我的主，除你外，绝无应受崇拜的， 你造化了我，我是你的仆人，我尽量实践对你的诺言和许约。我求你保护我，以免犯罪而受害，我即承认你对我的恩惠，也承认自己的罪过，那么，求你恕饶我！只有你才能恕饶我的一切罪恶。（布哈里）,二十七、	早、晚的记主词
113,80—主啊！我早起了，我请你和担负你的“阿勒什”(宝座）的天使和众天使，以及万物见证：“你是真主，唯你是主，独一无偶，穆罕默德※是你的仆人和使者。 (每天早晚念）（布、艾、奈）,二十七、	早、晚的记主词
114,81—主啊！早晚我和任何人所享受的恩惠都是来自于你，独一无二的主，感赞你！（艾、奈）,二十七、	早、晚的记主词
115,82—主啊！求你使我的身体安康，使我耳聪目明，唯你是受拜者！主啊！我向你祈求免遭叛教、贫困。 主啊！我向你祈求免遭坟墓的刑罚，除你外，绝无应受崇拜的。（三次）（艾、爱、奈）,二十七、	早、晚的记主词
116,83—真主是使我满足的，除他外，绝无应受崇拜的， 我只托靠他，他是掌握伟大宝座的主。（七次）（伊本西那圣训集）,二十七、	早、晚的记主词
117,84—主啊！我向你祈求今后两世的安康，主啊！我向你祈求赦宥，使我宗教昌盛，政通人和，人财两旺。主啊！你袒护我的缺点，解除我的恐惧。主啊!求 你从前后、左右、上面保护我，我以你的尊严求你护佑，使我免遭地陷。（艾、伊）,二十七、	早、晚的记主词
118,85—⑪主啊！深知幽玄、公开的主，创天设地的主。调养万物的，掌握万物的主，我见证：除你外，绝无应受崇拜的，我求你保护，免遭私欲和恶魔等的干 扰。免陷迷误，并向你求护佑，勿使我自招祸患或嫁祸于人。 (铁、艾）,二十七、	早、晚的记主词
119,86—⑫奉真主尊名，真主的尊名能预防天地的任何灾祸，真主是全听的、全知的。（每天早晚念三次）（艾、 铁、伊、爱）,二十七、	早、晚的记主词
120,87—⑬我喜爱以安拉为主宰，以穆罕默德※为圣人，以伊斯兰为宗教。（每天早晚念三次）（爱、奈、艾、 铁）,二十七、	早、晚的记主词
121,88—⑭永生自立的主啊！我以你的慈悯求救！请你照管我的全部事务，一刻也不要放任我！（哈）,二十七、	早、晚的记主词
122,89—⑮我早起了，早起的权威只归真主一养育全世界的主。主啊！我向你要求今天的福泽，援助、光亮、吉祥和正道。主啊！我向你要求免遭今后的伤害。 (艾）,二十七、	早、晚的记主词
123,90—⑯我们早起坚持伊斯兰的天性，忠诚之言辞，坚持我们的先知穆罕默德的宗教，他绝不是以物配主者。 (爱、伊本西那圣训集）,二十七、	早、晚的记主词
124,91—⑰赞主清净，感赞他。（早晚念一百次）（穆斯林）,二十七、	早、晚的记主词
125,92—⑱除真主外，绝无应受崇拜的，独一的主，国权只归他！万赞只归他！他是能够万事的主。（十次）或(懶惰时念一次）（奈、艾、爱、伊）,二十七、	早、晚的记主词
126,93—⑲除真主外，绝无应受崇拜的，独一的主，国权只归他！万赞只归他！他是能够万事的主。（十次）或(懶惰时念一次）（布哈里、穆斯林）,二十七、	早、晚的记主词
127,94—⑳赞颂伟大的真主超绝万物！以万物的数字，真主的喜悦，“阿勒史”的斤量，以及他的言辞的墨汁的数字，感赞真主！（早晚时念三次）（穆斯林）,二十七、	早、晚的记主词
128,73—主啊！我向你祈求有益的知识，佳美的食物和被接受的工作。（晨礼后念）（伊）,二十七、	早、晚的记主词
129,96—22我向真主求饶！我向他忏悔！（每日念一百次）（布哈里、穆斯林）,二十七、	早、晚的记主词
130,97—23我以真主的完美的一切言辞求保护免遭被造物的伤害！（晚上念十次）（爱、奈）,二十七、	早、晚的记主词
131,98—主啊！求你賜福我们的圣人穆罕默德※。（早晚念十次）（托布拉尼以两个正确线索传述）,二十七、	早、晚的记主词
132,"1 —感赞真主！他使我起死回生，复活只归于他。（2)


--------------------
（2） 布哈里圣训11/113",一、	睡醒时念的祷词
133,2 —除安拉外，绝无应受崇拜的，独一无偶，国权与赞颂只归他，他是无所不能的主。赞主清净，万赞归主，除安拉外，绝无应受崇拜的，真主至大，无法无力，唯凭清髙、伟大的主宰。主啊！求你饶恕我吧！（布哈里圣训）,一、	睡醒时念的祷词
134,3 —感赞安拉！他使我身体安康，使我灵魂又复原位，准许我记念他。（铁密集圣训）,一、	睡醒时念的祷词
135,4 —天地的创造，昼夜的轮流，在有理智的人看来，此中确有许多迹象。他们站着，坐着，躺着记念真主，并思维天地的创造，（他们说)：“我们的主啊! 你没有徒然地创造这个世界。我们赞颂你超绝万物，求你保护我们，免受火狱的刑罚。我们的主啊！你使谁入火狱，你确已凌辱谁了。不义的人，绝没有援助者。我们的主啊！我们确已听见了一个召唤的人，召人于正信，（他说)：‘你们当确信你们的主’，我们就确信了。我们的主啊！求你赦宥我们的罪恶，求你消除我们的过失，求你使我们与义人们死在一起。我们的主啊!你曾借众使者的口而应许我们的恩惠， 求你赏賜我们，求你在复活日不要凌辱我们。你确 是不爽约的。他们的主应答了他们：“我绝不使你们中任何一个行善者徒劳无酬，无论他是男的、还是女的--男女是相生的--迁居异乡者、被人驱逐者、为主道而受害者、参加战斗者、被敌杀伤者，我必消除他们的过失，我必使他们进那下临诸河的乐园，这是从安拉发出的报酬。安拉那里有优美的报酬。不信道的人，往来四方，自由发展，你不要让这件事欺骗你。那是些微的享受，将来他们的归宿是火狱。那卧褥真恶劣！而敬畏他们的主的人们，却得享受下临诸河的乐园，而永居其中。这是从安拉那里发出的款待。在安拉那里的恩典，对于义人是更有益的。信奉天经的人中，的确有人信仰安拉， 信仰你们所受的启示和他们所受的启示，同时，他们是敬畏安拉的，他们不以安拉的迹象换取些微的代价，这等人将在他们的主那里享受他们的报酬。安拉确是清算神速的。信道的人们啊！你们当坚忍，当奋斗，当戒备，当敬畏安拉，以便你们成功。（布哈里与穆斯林共同辑录) 《古兰经》（3:190—200),一、	睡醒时念的祷词
136,112—除真主外，绝无应受崇拜的，独一的主，统治的主! 养育天地万物的主，尊严的主，恕饶的主！（哈尅目、奈萨仪),二十九、	夜间翻身时念的祷词
137,113—以真主的完美之言求护，勿遭主的遣怒、惩罚、人祸、妖惑、唆使。（艾布达伍德、铁密集）,三十、	惊醒、失眠、孤寂时念的祷词
138,"114—穆圣※说：“你们一个人作了恶梦时，应向左吐三口唾沫。”（穆斯林）
应向主求护佑免遭被驱逐的恶魔的干扰。（三次)(穆斯林）
勿对人谈恶梦。（穆斯林）
改变原来的睡式，转身侧卧。（穆斯林）",三十一、	作恶梦时应念的赞词和应做的工作
139,115—如意欲时站起礼拜。(穆斯林）,三十一、	作恶梦时应念的赞词和应做的工作
140,116—主啊！求你指引我，使我同你指引的人们为伍;请你赦免我，使我同你赦免的人们为伍；请你喜爱我，使我同你喜爱的人们为伍。我所得到的恩惠中， 求你賜予我吉庆，你从你已判决了的祸患上保护我。你是判决者，而不是被判决者，你喜爱的人不卑贱，你憎恶的人不髙贵。我们的主啊！你真崇高！你真髙洁！（4、爱、哈）,三十二、	奇数拜（威特勒）中的祷词（古奴特)
141,117—主啊！求你保佑我、喜欢我、莫要怒恼我。赦免我，莫要惩罚我。我只求你保佑，我对你的赞颂是不计其数的，犹如你自己赞颂自己一般。(4、爱）,三十二、	奇数拜（威特勒）中的祷词（古奴特)
142,118—主啊！我们只崇拜你，只为你而立、而叩头、而积极努力，渴望你的恩惠，恐惧你的罪刑。你的严刑确加于不信的人们。主啊！我们求你佑助，求你恕饶，赞美你，不辜负你，归信你，不同情你的罪犯，并和他们划清界限。（白海格圣训集）,三十二、	奇数拜（威特勒）中的祷词（古奴特)
143,119—赞有国权，圣洁的主超绝。（三次，并在第三次中高声念。然后念：养育众天使和颉布勒莱的主。）（奈、达）,三十三、	奇数拜后的赞词
144,120—主啊！我是你的仆民，你的男仆女婢的儿子，你掌握着我的命运，你对我秉公裁决，我借你的尊名，这些尊名是你自称的或你在天经中降示的或你教授给仆民的或你在幽玄的知识中独具的，求你把《古兰经》作为我心中的灯塔，胸中的明镜，分忧解难的法宝。（爱）,三十四、	忧愁苦闷时念的祷词
145,121—主啊！我求你保佑，勿使我忧愁苦闷，软弱懒惰；我求你保佑，勿使我胆小吝啬，我求你保佑，勿遭债累，勿遭人逼。（布哈里）,三十四、	忧愁苦闷时念的祷词
146,122—除真主外，绝无应受崇拜的，尊大的主，容忍的主，除真主外，绝无应受崇拜的，管理巨大的“阿勒史”的主，除真主外，绝无应受崇拜的，养育天地的主，管理尊贵的“阿勒史”的主。（布哈里、穆斯林）,三十五、	忧愁烦恼时念的祷词
147,"123—主啊!我希望你的恩惠，求你照管我的全部事务,一刻也不要放任我，只有你是应受崇拜者。（艾布达伍德、爱合麦德）",三十五、	忧愁烦恼时念的祷词
148,124—除你外，绝无应受崇拜的，赞你超绝，我确是不义的人。（铁密集、哈克目）,三十五、	忧愁烦恼时念的祷词
149,125—真主，真主是我的养育者。我不以任何物配他。(艾、伊）,三十五、	忧愁烦恼时念的祷词
150,126—主啊！我求你拦截他们，我求你保护，免遭他们的伤害。（艾、哈）,三十六、	遇敌交锋和害怕法官时念的祷词
151,127—主啊！你是我的依靠和援军，我依你辗转冲锋杀敌。（艾、铁）,三十六、	遇敌交锋和害怕法官时念的祷词
152,128—真主是能使我们满足的，可托者真优美！（布）,三十六、	遇敌交锋和害怕法官时念的祷词
153,129—主啊！掌握七层天的主啊！管理巨大“阿勒史”的主啊!求你保护我免遭万物的伤害和人们的妄为，你是强大的拯救者，你崇高伟大，你的尊名真吉庆，唯你应受崇拜。（布）,三十七、	害怕法官迫害时念的祷词
154,130—真主至大，他最强胜，最威严，我求安拉保佑免遭他的仆人中的某一个精灵或人类及其同伙的伤害。除他外绝无应受崇拜的，维持七层天以免坠落于地面，除非经他的许可。主啊！求你援助于我来对付他们的伤害。主啊!赞扬你真欣慰，邻近你真强胜，你的尊名真吉庆。除你外，绝无应受崇拜的。(布）,三十七、	害怕法官迫害时念的祷词
155,131—主啊！降示经典和清算神速的主啊！你使所有杂派失败，你使他们震惊，惶惶不安。（穆）,三十八、	诅咒敌人时念的祷词
156,132—主啊！请你替我随意地对付他们吧！（穆）,三十九、	害怕敌人时念的祷词
157,"133—求真主护佑。（2)
抵御恶魔的放肆。（2)",四十、	心存疑虑时念的赞词
158,134—时刻念：我归信真主，归信使者。（穆）,四十、	心存疑虑时念的赞词
159,135—念《铁章》第三节经文：他是前无始后无终的，是极隐微的，他是全知万物的。（艾）,四十、	心存疑虑时念的赞词
160,136—主啊！求你使我满足于守法，而不犯法，賜我宏恩，无求于人。（铁）,四十一、	难能还债时念的祷词
161,137—主啊！我求你保佑，勿使我忧愁苦闷，软弱懒惰；我求你保佑，勿使我胆小吝啬，我求你保佑，勿遭债累，勿遭人逼。（布）,四十一、	难能还债时念的祷词
162,138—我从被诅咒的恶魔上求护佑。（应向左吐三口唾沫）（穆）,四十二、	拜中诵经发觉恶魔的蛊惑时念的祷词
163,"139—主啊！没有人给我容易，只有你化难为易，化悲为欢。

（伊本·哈巴乃圣训集）",四十三、	遇到困难时念的祷词
164,"140—若有人犯罪而随即起来洗小净，礼两拜，求主恕饶，真主就会恕饶他。
（艾合买德与铁密集圣训集）",四十四、	忏悔拜
165,"141—求主护佑免遭它的伤害、干扰、诱惑。
（参看信士章98—99节）（艾布·达伍德、伊本·马哲圣训集）",四十五、	驱逐恶魔的蛊惑时念的祷词
166,142—宣礼词（帮克）。（布哈里、穆斯林圣训集）,四十五、	驱逐恶魔的蛊惑时念的祷词
167,"143—各种记主词，颂词《古兰经》。
（穆斯林圣训集）",四十五、	驱逐恶魔的蛊惑时念的祷词
168,"144—这是真主的前定，真主意欲的必定实现。
（穆斯林圣训集）",四十六、	遇到可憎之事或磨难时的念词
169,"145—随着你的感谢安拉，祝愿你的孩子吉祥如意！随着你的供养，祝他茁壮成长！
这时其父亲回答：祝你吉祥幸福，愿安拉多多賜福予你，并賜予你类似的一个好孩子。
使你的报酬成为丰富的。
(脑威圣训集）",四十七、	祝贺新生儿的父亲及他的回答
170,146—穆圣曾为哈桑、侯赛尼作祈祷：我以完美的言辞求 真主保护你俩免遭一些恶魔、毒物和诡计者的暗害。(布哈里圣训集）,四十八、	保护儿童的祷词
171,147—没关系，如果真主意欲这就是对你清洗罪过，罚 赎缺点。（布哈里圣训集）,四十九、	探望病人时念的祷词
172,"148—我祈求伟大的、管理“阿勒史”的真主，使你痊愈。（七次）
（铁密集、艾布·达伍德圣训集）",四十九、	探望病人时念的祷词
173,"149—穆圣说：只要穆斯林探望他患病的穆斯林兄弟，那么他等于采摘乐园里的仙果，直至他离开病人。只要他早晨去探望患病的穆斯林弟兄，那么七万个天使为他祝福，直到傍晚，只要晚上他去探望患病的穆斯林弟兄，那么七万个天使为他祝福直至翌晨。
(铁密集、伊本·马哲、艾哈迈德圣训集）",五十、	探望病人的贵重
174,150—主啊！求你恕饶我！怜悯我！使我跟上清廉高尚之士。（布哈里、穆斯林圣训集）,五十一、	沮丧者应念的祷词
175,151—穆圣临终时跟前放着一碗水，他用手指沾水擦面容，说道：“主啊！求你援助我轻快地度过死亡时的艰难痛苦。”（布哈里圣训集）,五十一、	沮丧者应念的祷词
176,152—除真主外，绝无应受崇拜的，真主至大，只有独一的真主才是应受崇拜的，除真主外，绝无应受崇拜的，独一无偶，除真主外，绝无应受崇拜的，国权与赞颂只归他，除真主外，绝无应受崇拜的，无法无力，唯凭真主。（铁密集、伊本·马哲圣训集）,五十一、	沮丧者应念的祷词
177,153—谁结束最后一口气时念：“除真主外，绝无应受崇拜的”，谁必定入乐园。（艾布·达伍德圣训集）,五十二、	向临终者提念“认主词”
178,154—我们确实是真主所有的，我们必定只归依他。主啊！求你拯救我摆脱灾难，求你以胜于患难的幸福来厚报我。（穆斯林圣训集）,五十三、	遇丧时念的祷词
179,155—求你恕饶（亡人名），升高他的品级，使他排入得正道者的行列，并给他替换更好的代理人，求你恕饶我们，恕饶他们吧！全世界的化育主啊！你使他的坟墓宽敞明亮吧！（穆斯林圣训集）,五十四、	闭拢亡人眼睛时念的祷词
180,156—主啊！求你恕饶他、怜悯他、原谅他，賜给他安宁，善待他，扩大他的住所，用雪、水、冰洗涤他，清除他的过错，像清洗白衣服上的污垢一般，你给 他更换一个较今世更优裕的生活环境一住所、眷属、妻室，求你使他进入乐园，保护他免遭坟墓的罪刑和火狱的刑罚！（穆斯林圣训集）,五十五、	为亡人举行殡礼时念的祷词
181,"157—主啊！求你恕饶我们的活人和亡人，大人、小孩、男人、女人、在场的与不在场的人。主啊！若你意欲让我们的每一个人活着，就让他活在正道上，若你使他死亡，亡于正信。求你莫使我们失去亡者的功价，在他之后莫让我们遭难！
（艾布·达伍德、铁密集、奈萨仪、伊本·马哲、艾哈迈德圣训集）",五十五、	为亡人举行殡礼时念的祷词
182,158—主啊！某人的儿子XX是蒙得你的保护的，实践与你所结的盟约的，那么你保护他免遭坟墓的艰难和火狱的刑罚！你是实践诺言的，你是真理。主啊！求你恕饶他吧！慈悯他吧！你确是至赦的，至慈的。(伊本·马哲、艾布·达伍德圣训集）,五十五、	为亡人举行殡礼时念的祷词
183,159—主啊！这亡人是你的仆人，是你奴婢的儿子，他渴求你的仁慈，请你不要惩罚他，倘若他是好人，就请你增加他好处的报酬，倘若他是恶人，就请你赦免他的罪过。（哈克木圣训集）,五十五、	为亡人举行殡礼时念的祷词
184,"160—主啊！求你保护他免遭坟墓的刑罚。（马力克圣训集）
如果念下列祈祷词也很好：主啊！求你使他成为其双亲的先行者，储藏的功价，有效的说情者!主啊！请你以此使他俩的报酬，使他加入归信的善良者的队伍里，你让伊布拉欣圣人做他的担保者，求你以你的仁慈保护他免遭火刑，你给他更换一个较今世更优裕的环境、住所和眷属。主啊！求你恕饶我们的先行者和在我们之前信道的人们吧！(伊本古达曼圣训集）",五十六、	为儿童举行殡礼时念的祷词
185,161—主啊！求你使他成为我们的先锋和功价吧！（白呃韦、阿布杜•然则格圣训集）,五十六、	为儿童举行殡礼时念的祷词
186,"162—真主有权夺回生命，有权给予生命，万物在真主前 规定为一定的寿限，所以令某某坚忍谋求真主的回赏。
如念这个祷词也很好：愿安拉使你的代价丰富，很 好的慰问你，愿真主恕饶你的亡人。（脑威圣训集）",五十七、	慰问亡人的家属时念的祷词
187,163—奉真主尊名与遵循使者的圣行。（艾布·达伍德、艾哈迈德圣训集）,五十八、	亡人入坟墓时念的祷词
188,164—主啊！求你恕饶他，使他信仰坚定无疑！ （艾布·达伍德、 哈克目圣训集）,五十九、	埋葬后为亡人作的祈祷
189,165—坟墓里的信士和穆斯林们啊！祝你们平安！若真主愿意，我们将步你们的后尘，愿真主怜悯我们的先行者，后继者。我恳求真主给我们和你们賜予安康。 (伊本·马哲、穆斯林圣训集),六十、	探望坟墓的祷词
190,166—主啊！我向你祈求风的益处。我向你求护佑，免遭风的害处。（艾布·达伍德、伊本·马哲圣训集）,六十一、	刮风时念的祷词
191,167—主啊！我向你祈求风的益处和它带来的好处。我向你求护佑，免遭风的害处和它带来的不幸。（布哈里、穆斯林圣训集）,六十一、	刮风时念的祷词
192,168—赞主超绝！雷霆在赞颂真主超绝。众天使则因为畏惧他而赞颂他。（马力克圣训集）,六十二、	雷鸣电闪时念的赞词
193,169—主啊！你给我们降下充足的、无灾的、丰产的、普及的、及不缓慢的，有益无害的甘霖吧！（艾布·达伍德圣训集）,六十三、	求雨时念的祷词
194,170—主啊！降賜甘霖吧！（三次）（布哈里、穆斯林圣训集）,六十三、	求雨时念的祷词
195,171—主啊！求你给你的仆民和牲畜下甘霖，求你散布你的怜悯，求你复活已干枯的大地。（艾布·达伍德圣训集）,六十三、	求雨时念的祷词
196,172—主啊！降与人有益的甘霖吧！（布哈里圣训集）,六十四、	看见下雨时念的祷词
197,173—以真主的恩惠和仁慈降了雨水。（布哈里、穆斯林圣训集）,六十五、	下雨后的赞词
198,174—主啊！求你把雨下到我们的周围，不要伤害我们。 主啊！求你把雨下到山巅、丘陵、川谷、森林里去吧！（布哈里、穆斯林圣训集）,六十六、	雨量过多时念的祷词
199,175—真主至大，主啊!你借新月给我们賜予和平与正信，平安与正教，让我们借此做你喜悦的工作，你是我和月亮的主宰。（铁密集、达勒迷圣训集）,六十七、	看见新月时念的祷词
200,176—托靠真主，饥渴过去了，血管湿润了，代价肯定了。（艾布·达伍德圣训集）,六十八、	开斋时念的祷词
201,177—主啊！我以你普及万物的仁慈，恳求你恕绕我。 (伊本·马哲圣训集）,六十八、	开斋时念的祷词
202,178—如果你们饮食时，先念真主的尊名。如果忘了，那么何时记起何时就说:“我始终奉着真主的尊名。”(艾布·达伍德、铁密集圣训集）,六十九、	吃饭前念的祷词
203,179—安拉供养了他食物的人当念：“主啊！请你在我们的食物中賜予吉庆，并供给我们比此更佳的食物吧”！安拉供养了他乳汁的人当念：“主啊！请你在其乳汁中賜予我们吉庆，并增加它给我们的营养。（铁密集圣训集）,六十九、	吃饭前念的祷词
204,180—感赞真主！他供给了我饮食，我无法无力，唯他賜予了我。（艾布·达伍德、铁密集、伊本·马哲圣训集）,七十、	吃毕时念的祷词
205,181—感赞真主！丰富、优美、吉样的赞词！我们的养主啊！我们不断地需求你！我们对你的需求永不会满足而终止！（布哈里、铁密集圣训集）,七十、	吃毕时念的祷词
206,182—主啊！求你在他们的食禄中賜予吉庆，恕饶他们。怜悯他们。（穆斯林圣训集）,七十一、	为待客者念的祈祷
207,183—主啊！请你款待供给我食物的人，请你款待供给我饮料的人。（穆斯林圣训集）,七十二、	对于供给他喝了乳汁或正在供给他喝乳汁的人作的祈祷
208,184—封斋的人在你们家开了斋，善良的人吃了你们准备的食物，愿天使们祝福你们全家。（艾布·达伍德、伊本·马哲、奈萨仪圣训集）,七十三、	当在别人跟前开斋时应作的祈祷
209,185—邀请必去，如果他已斋戒，当面为他作祈祷，否则，他应赴宴。,七十四、	斋戒者没有开斋而端来食物时他应作的祈祷
210,186—我是封斋者，我是封斋者。（布哈里、穆斯林圣训集）,七十五、	斋戒者遇人谩骂或殴打时该说的言词
211,187—主啊！祈求你使我们果实丰收，城市吉庆，斛斗盛满。（穆斯林圣训集）,七十六、	看见庄稼、果品成熟时应作的祈祷
212,188—当一个人打喷嚏时他应该说：“一切赞颂全归真主”，听见者回答：“愿主怜悯你”，他再说：“愿主引导你们并纯洁你们的心！”（布哈里圣训集）,七十七、	打喷嚏时念的赞词
213,189—愿真主引导你们并纯洁你们的心！（铁密集、艾布·达伍德、艾哈迈德圣训集）,七十八、	异教徒打喷嚏赞主时的回答
214,190—愿真主使你吉庆并使你俩结合美满幸福！（艾布·达伍德、铁密集、伊本·马哲圣训集）,七十九、	为新婚的人作祈祷
215,191—当一人结婚或买了一个仆人时，他应该说：“主啊！我向你祈祷她的益处和她天性善良所带来的益处；我求你保护我免遭他的伤害和他天性邪恶所带来的伤害。”当他买了一峰驼时，应当抓住脱缰并说上述的祈祷。（艾布·达伍德、伊本·马哲圣训集）,八十、	结婚者和购买牲畜时念的祷词
216,193—我从被驱逐的恶魔上求主护佑。（布哈里、穆斯林圣训集）,八十一、	房事时念的祷词
217,193—我从被驱逐的恶魔上求主护佑。（布哈里、穆斯林圣训集）,八十二、	息怒时念的祷词
218,194—感赞真主，他使我幸免于你所遭受的灾难，他使我优裕超众。（铁密集圣训集）,八十三、	见到遭难者时念的祷词
219,195—伊本欧玛的传述：他说：“穆圣ﷺ每次集会，讲完话起来时，就念此祷词：‘主啊！求你恕饶我，赦宥我吧！你确是至赦的，至恕的’”。我们数记了一百次。（铁密集、伊本·马哲圣训集）,八十四、	集会时念的祷词
220,196—主啊！赞你清净，感赞你，我见证：除你外，绝无应受崇拜的，我向你求饶，我向你忏悔。（艾布·达伍德、铁密集、奈萨仪圣训集）,八十五、	座谈之罚赎
221,197—还有你。（艾哈迈德、奈萨仪圣训集）,八十六、	遇人为你向主求铙（愿主恕绕你!）时念的念词
222,198—愿主厚报你！（铁密集圣训集）,八十七、	逢人行善时念的祝词
223,199—谁背记下《山洞章》的前十节经文，那么真主就保护谁不受骗子手的伤害。并且，每番拜中末坐中念“求免四灾的祈祷词”。（穆斯林圣训集）,八十八、	求主保佑勿遭“骗子手”的伤害时的念词
224,200—愿主喜爱你！（艾布·达伍德圣训集）,八十九、	遇人说：“为主我喜爱你”时的回答
225,201—愿你获得家属的温暖，钱财的利益。（布哈里圣训集）,九十、	为给他钱财的人作祈祷
226,202—愿你感受到你家属的溫暖，財产的幸福，预先还债值得应受称赞。（奈萨仪、伊本·马哲圣训集）,九十一、	还债时债主为债户应作的祈祷
227,203—主啊！求你保护我，不要明知故违地举伴你。我向你求饶，因无知而所犯的罪。（艾哈迈德圣训集）,九十二、	谨防举伴罪的祷词
228,204—愿主“祝福你”(伊本西那圣训集）,九十三、	为对你说：“祝福你”的人应作的祈祷
229,205—主啊！没有任何一种凶兆，除非来自于你，没有任何一种吉兆，除非也来自于你！除你外，绝无应受崇拜的。（艾哈迈德圣训集）,九十四、	嫌疑凶兆时念的祷词
230,206—奉真主尊名，感赞真主，赞主清净，他为我们制服了这些被乘物，我们本来无能役使它，我们只归于我们的养主。万赞归主，（三次）真主至大。（三次）主啊！赞你清净，我确实亏害了自己，求你恕饶我！除你外，绝无人能恕罪。（艾布·达伍德、铁密集圣训集）,九十五、	骑乘时念的祷词
231,207—穆圣※每逢外出旅行，骑稳骆驼时念三遍“大赞词”并念：“赞颂真主超绝万物，他为我们制服了此物，我们对他本是无能的，我们必定归于我们的养主。主啊！这次旅行中求你使我行善、敬畏，做你喜悦的工作。主啊！你使我旅途一帆风顺，一路平安。主啊！你是我旅途中的伴侣，家中的代理。主啊！我向你求护，免遭风尘之苦，颠沛之难，人财之险。”当加念：“我们是归依者，忏悔者，崇拜者，养主的感赞者。”（穆斯林圣训集）,九十六、	旅行时念的祷词
232,208—穆圣※每见一城，欲进入时念：“主啊！养育七层 天七层地及天地之间的主，管制恶魔鬼怪的，调动风暴的主啊！我向你求护，勿使这座城市的居民及城市里所有的一切对我有害。”（哈克目、奈萨依圣训集）,九十七、	旅客亲临某城或绕过村庄时念的祷词
233,209—除真主外，绝无应受崇拜的，独一无偶，大权归主，赞美归主，永生不灭，令人生死，掌握福利，无所不能。（铁密集、哈克目、伊本·马哲圣训集）,九十八、	去市场时念的祷词
234,210—奉真主尊名。（艾布·达伍德圣训集）,九十九、	被乘物（驼、骡、马）遭到不幸时应念的祷词
235,211—我把你们寄托给了真主，真主一定会保护他的寄托物。（艾哈迈德、伊本·马哲圣训集）,一百、	旅客对其家属应作的祈祷
236,212—求主保障你的宗教及家私和善果。（艾哈迈德、铁密集圣训集）,一百〇一、	家属为旅行者应作的祈祷
237,213—愿真主赐你敬畏的川资，恕饶你的罪过，使你万事大吉，处处顺利。（铁密集圣训集）,一百〇一、	家属为旅行者应作的祈祷
238,214—扎比尔说：“我们登髙时，念：‘大赞词’，从髙处下来时又念：‘清赞词’”。,一百〇二、	旅客登高处、下平川时念的赞词
239,215—天使已见证：我们对真主的赞颂和感恩。养育我们的主啊！求你伴随我们，求你施恩予我们，求你使我们免遭火刑。(穆斯林圣训集）,一百〇三、	旅客中邪时念的祷词
240,216—我以真主的完美言辞求护佑，勿遭万有之祸。（穆斯林圣训集）,一百〇四、	旅客下榻时念的祷词
241,"217—穆圣ﷺ每当从远征或正、副朝觐返回时，每遇山丘 或埼岖小道时念三遍：“大赞词”后念：“除真主外, 绝无应受崇拜的，独一无偶，国权归他，赞颂归他，无所不能。归依之人，敬畏之人，悔罪之人，敬主之人，我们是养主的感赞者。真主实践他的诺言，援助他的仆民，独自消灭了联军。（布哈里、穆斯林圣训集）",一百〇五、	旅客返回时念的祷词
242,218—穆圣ﷺ当得到喜讯时就念：“感赞真主，所有福利都是安拉的恩惠。”当他听到梦噩时就念：“每时每刻的赞颂全归于真主。”（伊本西那圣训集）,一百〇六、	得到喜讯与听到恶噩时应念的祷词
243,219—穆圣ﷺ说:“谁赞颂我一次，主赞颂他十次。”(穆斯林圣训集）,一百〇七、	赞圣之贵
244,220—穆圣ﷺ说：“你们不要把你们的住宅变成坟墓， 不要把我的坟墓变成年会，你们应当为我祝福。无论你们在哪里，我都能听见你们的祝福。”（艾布·达伍德、艾哈迈德圣训集),一百〇七、	赞圣之贵
245,221—穆圣ﷺ说：“逢人提我而不赞我者，确系吝啬之人。”（铁密集圣训集）,一百〇七、	赞圣之贵
246,222—穆圣ﷺ说：“安拉在大地上委派了许多漫游的天使，他们为我传达我民族的色兰。”（奈萨依、哈克目圣训集）,一百〇七、	赞圣之贵
247,223—穆圣ﷺ说：“无论谁向我致‘祝安词’，真主会将我的灵魂返体，回祝他”。（艾布·达伍德圣训集）,一百〇七、	赞圣之贵
248,224—穆圣ﷺ说：“你们欲进乐园，必须有信仰，欲有信仰，必须互爱。我愿指示你们去实行一件能增加互爱的事好吗？那就是相互之间传播‘塞俩目’和 平。”（穆斯林圣训集）,一百〇八、	宣扬“塞俩目”
249,225—谁具备三件德性，谁就能获得信仰的甜味。1、自愿公正；2、普及‘色兰3、周济贫民。（布哈里圣训集）,一百〇八、	宣扬“塞俩目”
250,226—欧玛之子阿布顿拉的传述：一人问先知：“伊斯兰有哪些优点？”他说：“款待贫民，对你认识和不认识的人道‘色兰。’（布哈里、穆斯林圣训集）,一百〇八、	宣扬“塞俩目”
251,227—有经的人向你道“塞俩目”的时候，你们说：“你们也同样。”（布哈里、穆斯林圣训集）,一百〇九、	对异教徒的答礼
252,228—当你们听到鸡鸣时，应向真主祈求恩惠，因为鸡见到了天使。当你们听到了驴叫时，应向真主求护佑，免遭恶魔的伤害，因为驴见到了恶魔。（布哈里、穆斯林圣训集）,一百一十、	鸡鸣、驴叫时念的赞词
253,229—夜晚你们听到了狗犬和驴叫时，你们应向真主求护，因为它们见到了你们所未见的东西。（艾布·达伍德、艾哈迈德圣训集）,一百一十一、	狗犬时念的赞词
254,230—穆圣ﷺ说：“主啊！凡是我骂过的任何一个信士， 请你把我对他的谩骂做为复生日对他罪恶的清洁与怜悯”。（布哈里、穆斯林圣训集）,一百一十二、	对于挨骂者应作的祈祷
255,231—穆圣ﷺ说：“当你们的一个人免不了要表扬他的同伴时，如果他知道某人如此如此的好，那么，让他这样表扬：我认为某人更好，但真主是监护者，在真主面前我不敢说任何一个人的优点如此……。”(穆斯林圣训集）,一百一十三、	穆斯林表扬穆斯林时应说些什么
256,232—主啊！由于他们的胡说请你不要责怪我，求你为我恕饶他们因无知所犯的罪刑，请你使我超乎他们所想像的善良者。（布哈里圣训集）,一百一十四、	穆斯林受到雪冤时应念的祷词
257,233—响应你，主啊！响应你，响应你，你独一无偶，一次又一次的响应你，赞颂福泽和统治权都归你所有，你独一无偶。（布哈里、穆斯林圣训集）,一百一十五、	受戒者怎样诵“响应词”
258,234—穆圣ﷺ骑着骆驼巡游天房，每当走到屋角时用手拿的东西指着吻它，并念“大赞词”。（布哈里圣训集）,一百一十六、	走到天房屋角时念“大赞词”
259,235—养育我们的主啊！求你在今世赏赐我们美好的生 活，在后世也赏賜我们美好的生活，求你保佑我们免受火狱的刑罚。（艾布·达伍德、艾哈迈德圣训集）,一百一十七、	在也门方向的屋角和黑石中间作祈祷
260,236—穆圣ﷺ曾经从赛法门中出来靠近赛法山时，他便念：“赛法和麦尔维确是真主的标识”。（2:158)他从真主制定的赛法开始巡游，登上赛法面向天房而念：“除真主外，绝无应受崇拜的，独一无偶，国权归他，赞颂归他，他是全能于万事的主。除独一的真主外，绝无应受崇拜的。他实践了他的许约，援助了他的仆民，他独自消灭了联军。”然后他向主祈祷，又念类似的赞词三次。然后下赛法山前往麦尔窝，登上麦尔窝山，面向天房作了在索法山上同样的祈祷。（穆斯林圣训集）,一百一十八、	登上赛法、麦尔窝山时作的祈祷
261,237—穆圣ﷺ说：“我以前的众先知念的最多的祷词和我念的祷词便是：除真主外，绝无应受崇拜的，独一无偶，国权与赞颂只归他所有，他是全能万事的主。(铁密集圣训集）,一百一十九、	阿拉法特日念的祷词
262,238—穆圣ﷺ骑了 “盖索瓦”的骆驼奔向禁标，面向天房作祈祷，念“大赞词”、“认主词”，直到天亮，太阳升起前他返回。（穆斯林圣训集）,一百二十、	在禁标前的赞主词
263,239—当穆圣ﷺ靠近清真寺的第一个投石处投石时，他投了七颗石子，每投一颗石子时念一遍“大赞词”，然后前进对着朝向站下。举高两手作祈祷，至于走到“阿盖拜”射石处，也投七颗小石子，每投一颗念一遍“大赞词”，他在这里不停马上返回。（布哈里、穆斯林圣训集）,一百二十一、	每投一颗石子念一遍“大赞词”
264,240—“赞主清净”。（布哈里、穆斯林圣训集）,一百二十二、	惊奇、高兴时念的“赞词”
265,241—“真主至大”。（布哈里、铁密集、艾哈迈德圣训集）,一百二十二、	惊奇、高兴时念的“赞词”
266,242—穆圣ﷺ当获得喜讯的时候，他礼拜叩头，以表示感谢安拉。（艾布·达伍德、铁密集、伊本·马哲圣训集）,一百二十三、	遇到快乐之事应做的工作
267,243—你把手放在疼痛处，说三次“奉真主尊名！ ”再说七次“我求尊贵全能的真主保佑！免除我所遭到的痛苦及其后遗症。”（穆斯林圣训集）,一百二十四、	患病时念的祷词
268,"244—当你们一个人的弟兄,及其他的生命或财产使他羡慕的时候，他应向他的弟兄祝福，的确被妒者的眼神是伤人的。（艾哈迈德、伊本·马哲圣训集）",一百二十五、	担心以嫉妒的眼神伤害别人时应念的祷词
269,245—除真主外，绝无应受崇拜的。（布哈里、穆斯林圣训集）,一百二十六、	恐惧时应念的赞词
270,246—奉真主尊名，真主至大，(主啊！这牺牲品是来自 你的，并归于你）主啊！你接受我的这一献品。（穆斯林圣训集）,一百二十七、	宰牲时念的祷词
271,247—仁慈的主啊！我以好人和坏人都需求你的完美的言辞求护佑免遭你所造化的一切伤害，降至于天，上升于天的一切伤害，你造化在大地上、从地上生长出的一切伤害，昼夜磨难的伤害，夜间敲门者的陷害，除非带来喜讯的敲门者。（艾哈迈德、伊本西那圣训集）,一百二十八、	为打击恶魔的诡计时念的祷词
272,248—穆圣ﷺ说：“誓于真主，我每天向主悔过并求恕饶七十多次。”（布哈里圣训集）,一百二十九、	向主求饶、悔罪
273,249—穆圣ﷺ说：“人们啊！你们向主悔罪，的确我每 天悔罪一百次。”（穆斯林圣训集）,一百二十九、	向主求饶、悔罪
274,250—穆圣ﷺ说：“谁念‘我向伟大的主求饶，除他外，绝无应受崇拜的，永生自立的，我向他悔罪！谁的 罪过就全蒙赦免，即使临阵脱逃之罪也罢。”(艾布·达伍德、铁密集、哈克目圣训集）,一百二十九、	向主求饶、悔罪
275,251—穆圣ﷺ说：“真主临近仆人的最佳时间是五更前，如果能在那个时间记主，你就行动吧!”（铁密集、奈萨仪、哈克目圣训集）,一百二十九、	向主求饶、悔罪
276,252—穆圣ﷺ说：“仆人最接近真主的时候就是叩头的时候，所以你们要多多祈求真主。”(穆斯林圣训集）,一百二十九、	向主求饶、悔罪
277,253—穆圣ﷺ说：“我发闷时一日向主求饶一百次。”(穆斯林圣训集）,一百二十九、	向主求饶、悔罪
278,254—穆圣ﷺ说:“谁每日念一百遍‘赞主清净，感赞他，错误虽多如海水的浮沫，真主必给他一笔钩 销。”（布哈里、穆斯林圣训集）,一百三十、	赞主之贵
279,255—穆圣ﷺ说：“谁念：除真主外，绝无应受崇拜的，独一无偶，权力和赞美归他所有，他是大能的主。 每日诵十次，谁等于释放四个以色列人。”（布哈里、穆斯林圣训集）,一百三十、	赞主之贵
280,256—穆圣ﷺ说：“两句话说起来轻而易举，天称的盘 中重如泰山，至仁主喜爱无比，就是‘赞主清净， 感赞他’，‘赞颂伟大的主淸净”。（布哈里、穆斯林圣训集）,一百三十、	赞主之贵
281,257—穆圣ﷺ说：“‘赞主清净’，‘万赞归主’，‘除真主外，绝无应受崇拜的’，‘真主至大’。这几句赞词， 据我看来，比太阳所照之物，尤为可爱。”(穆斯林圣训集）,一百三十、	赞主之贵
282,258—穆圣ﷺ说：“你们每个人每天能干一千件善功吗？有人问：“怎么能干一千件善功呢？”穆圣ﷺ说：“念‘赞主清净’ 一百次，天使就为他记录一千件善功，购销一千件罪恶。”（穆斯林圣训集）,一百三十、	赞主之贵
283,259—穆圣ﷺ说：“谁念了‘赞主清净，感赞他，’真主就为他在乐园中植一颗枣树。（铁密集、哈克目圣训集）,一百三十、	赞主之贵
284,260—穆圣ﷺ说：“格斯之子阿布顿拉啊！我教你一句 乐园中宝藏式的珍言。”我说：“好啊”。穆圣ﷺ说： “无法无力，唯依真主。”（布哈里、穆斯林圣训集）,一百三十、	赞主之贵
285,"261—穆圣ﷺ说：“真主最喜爱的言辞有四句：先念哪 一句都无妨，‘赞主清净’、‘感赞真主’、‘除真主外, 绝无应受崇拜的’、‘真主至大’。（穆斯林圣训集）",一百三十、	赞主之贵
286,262—有位乡下人来见穆圣ﷺ并说道：“请你教我能念的一句赞词!”穆圣ﷺ说：“你念：‘除真主外，绝无应受崇拜的，独一无偶’，‘真主最伟大’，‘一切赞颂全归真主’，‘赞主清净‘养育全世界的主’，‘无法无力，唯依优胜、至睿的真主’”。此人说：“这些 是属于我的主宰的，那什么归我呢？”穆圣ﷺ说：“你念：‘主啊！求你恕饶我、怜悯我、引导我、供养我。'”（穆斯林圣训集）,一百三十、	赞主之贵
287,263—如果有人来信奉伊斯兰，穆圣ﷺ就教授他礼拜， 而且命令他念这些祷词：“主啊！求你恕饶我、怜悯我、引导我，给我安康，賜我食禄。”并说：“这一祷词包容了今后两世的一切需求。”（穆斯林圣训集）,一百三十、	赞主之贵
288,264—最贵的祷词是：一切赞颂全归真主。最贵的赞词 是：除真主外，绝无应受崇拜的。（铁密集、伊本·马哲、哈克目圣训集）,一百三十、	赞主之贵
289,265—有益的永存之言是：“赞主清净”，“感赞真主”，“除真主外，绝无应受崇拜的”，“真主至大”，“无法无力，唯依真主”。（艾哈迈德圣训集）,一百三十、	赞主之贵
290,266—阿慕尔之子阿布顿拉的传述，他说：“我看见穆圣ﷺ用右手数念：‘赞主词’”。（艾布·达伍德、铁密集圣训集）,一百三十一、	穆圣拜后怎样数念“台斯必合”（赞主词)
291,267—穆圣ﷺ说：“睡觉的时候不要让孩子出门，因为那 时候恶魔遍地皆是。黄昏消失以后，他们就纷纷出 动，你们奉真主之名盖上器皿，扎紧水袋，关门熄 灯。邪魔不会解袋，不会开门，不会揭盖，没有盖 子，可压一棍，并记主名，这样亦行”。（布哈里、穆斯林圣训集）,一百三十二、	综合性的礼节
